{"cameraMode":{"drawMode":0,"name":"Shaded","section":"Shading Mode"},"sceneLighting":true,"audioPlay":false,"sceneViewState":{"showFog":false,"showMaterialUpdate":false,"showSkybox":false,"showFlares":false,"showImageEffects":false,"showParticleSystems":true},"in2DMode":false,"pivot":{"x":-0.4972257614135742,"y":4.119999885559082,"z":-22.236234664916993},"rotation":{"x":-0.01269847434014082,"y":-0.3393016457557678,"z":-0.004581344313919544,"w":0.9405885934829712},"size":16.190677642822267,"orthographic":false}