{"cameraMode":{"drawMode":0,"name":"Shaded","section":"Shading Mode"},"sceneLighting":true,"audioPlay":false,"sceneViewState":{"showFog":false,"showMaterialUpdate":false,"showSkybox":false,"showFlares":false,"showImageEffects":false,"showParticleSystems":true},"in2DMode":false,"pivot":{"x":22.02069854736328,"y":2.5329833030700685,"z":17.26341438293457},"rotation":{"x":0.3053278625011444,"y":-0.5543873310089111,"z":0.22886189818382264,"w":0.7396435737609863},"size":50.24799346923828,"orthographic":false}