{"cameraMode":{"drawMode":0,"name":"Shaded","section":"Shading Mode"},"sceneLighting":true,"audioPlay":false,"sceneViewState":{"showFog":false,"showMaterialUpdate":false,"showSkybox":false,"showFlares":false,"showImageEffects":false,"showParticleSystems":true},"in2DMode":false,"pivot":{"x":0.11538243293762207,"y":2.700000047683716,"z":-13.402186393737793},"rotation":{"x":-0.01269847434014082,"y":-0.3393016457557678,"z":-0.004581344313919544,"w":0.9405885934829712},"size":10.410475730895996,"orthographic":false}